--------------------------------------------------------
--  File created - Friday-September-15-2017   
--------------------------------------------------------
REM INSERTING into BASE_APPLICATIONS_TBL
SET DEFINE OFF;
Insert into BASE_APPLICATIONS_TBL (BASE_APPLICATION_ID,ICON_ID,STATUS,PLATFORMS,PROGRAM,CREATE_DATE,UPDATE_DATE,NAME) values ('8eeace3a-358c-4adf-a4f5-44af9bb366c7','84e8bd76-679e-40ed-b0e2-d0dd2d36b089','ACTIVE','WINDOWS64;WINDOWS32;LINUX64','caxstartadmin',SYSTIMESTAMP,SYSTIMESTAMP,'CAXSTARTADMIN');
Insert into BASE_APPLICATIONS_TBL (BASE_APPLICATION_ID,ICON_ID,STATUS,PLATFORMS,PROGRAM,CREATE_DATE,UPDATE_DATE,NAME) values ('047173ba-7a6a-4f2c-85f9-41e79c284bf1','84e8bd76-679e-40ed-b0e2-d0dd2d36b089','ACTIVE','WINDOWS64;WINDOWS32;LINUX64','caxstarthotline',SYSTIMESTAMP,SYSTIMESTAMP,'CAXSTARTHOTLINE');
Insert into BASE_APPLICATIONS_TBL (BASE_APPLICATION_ID,ICON_ID,STATUS,PLATFORMS,PROGRAM,CREATE_DATE,UPDATE_DATE,NAME) values ('B403F124-A5B3-440A-A81F-6E2C70DECC83','84e8bd76-679e-40ed-b0e2-d0dd2d36b089','ACTIVE','WINDOWS64;WINDOWS32;LINUX64','caxstartbatch',SYSTIMESTAMP,SYSTIMESTAMP,'CAXSTARTBATCH');
--------------------------------------------------------
--  File created - Friday-September-15-2017   
--------------------------------------------------------
REM INSERTING into BASE_APP_TRANSLATION_TBL
SET DEFINE OFF;
Insert into BASE_APP_TRANSLATION_TBL (BASE_APP_TRANSLATION_ID,BASE_APPLICATION_ID,DESCRIPTION,REMARKS,LANGUAGE_CODE,CREATE_DATE,UPDATE_DATE) values ('0cc28998-dfea-4653-b3a1-d229ae00a61c','8eeace3a-358c-4adf-a4f5-44af9bb366c7','Desc_eng','Remarks_eng','en',SYSTIMESTAMP,SYSTIMESTAMP);
Insert into BASE_APP_TRANSLATION_TBL (BASE_APP_TRANSLATION_ID,BASE_APPLICATION_ID,DESCRIPTION,REMARKS,LANGUAGE_CODE,CREATE_DATE,UPDATE_DATE) values ('fd1034d3-bfe5-4077-9b9d-ce6299f0634a','8eeace3a-358c-4adf-a4f5-44af9bb366c7','Desc_ger','Remarks_ger','de',SYSTIMESTAMP,SYSTIMESTAMP);
Insert into BASE_APP_TRANSLATION_TBL (BASE_APP_TRANSLATION_ID,BASE_APPLICATION_ID,DESCRIPTION,REMARKS,LANGUAGE_CODE,CREATE_DATE,UPDATE_DATE) values ('6055bedc-6f6d-46cb-917f-1df99c9ea4a8','047173ba-7a6a-4f2c-85f9-41e79c284bf1','Desc_eng','Remarks_eng','en',SYSTIMESTAMP,SYSTIMESTAMP);
Insert into BASE_APP_TRANSLATION_TBL (BASE_APP_TRANSLATION_ID,BASE_APPLICATION_ID,DESCRIPTION,REMARKS,LANGUAGE_CODE,CREATE_DATE,UPDATE_DATE) values ('3f7fb7e2-c44d-4894-923e-e66eda69cc3a','047173ba-7a6a-4f2c-85f9-41e79c284bf1','Desc_ger','Remarks_ger','de',SYSTIMESTAMP,SYSTIMESTAMP);
Insert into BASE_APP_TRANSLATION_TBL (BASE_APP_TRANSLATION_ID,BASE_APPLICATION_ID,DESCRIPTION,REMARKS,LANGUAGE_CODE,CREATE_DATE,UPDATE_DATE) values ('BE2581E2-1FF6-4059-A48D-E3659BB91F6F','B403F124-A5B3-440A-A81F-6E2C70DECC83','Desc_eng','Remarks_eng','en',SYSTIMESTAMP,SYSTIMESTAMP);
Insert into BASE_APP_TRANSLATION_TBL (BASE_APP_TRANSLATION_ID,BASE_APPLICATION_ID,DESCRIPTION,REMARKS,LANGUAGE_CODE,CREATE_DATE,UPDATE_DATE) values ('BA859B15-7C15-443D-975D-C845E38234E6','B403F124-A5B3-440A-A81F-6E2C70DECC83','Desc_ger','Remarks_ger','de',SYSTIMESTAMP,SYSTIMESTAMP);

REM INSERTING into USER_APPLICATIONS_TBL
SET DEFINE OFF;
Insert into USER_APPLICATIONS_TBL (USER_APPLICATION_ID,NAME,DESCRIPTION,ICON_ID,BASE_APPLICATION_ID,STATUS,IS_PARENT,IS_SINGLETON,POSITION,CREATE_DATE,UPDATE_DATE) values ('42883404-1a85-4af4-8406-72d776e0c621','CAXSTARTHOTLINE',null,'7bb8f88b-1f54-4ab2-ab33-1fa04595c2d6','047173ba-7a6a-4f2c-85f9-41e79c284bf1','ACTIVE','false','false','*IconTask*',SYSTIMESTAMP,SYSTIMESTAMP);
Insert into USER_APPLICATIONS_TBL (USER_APPLICATION_ID,NAME,DESCRIPTION,ICON_ID,BASE_APPLICATION_ID,STATUS,IS_PARENT,IS_SINGLETON,POSITION,CREATE_DATE,UPDATE_DATE) values ('5b42ee76-e6e1-4b61-81e4-a30542edde4b','CAXSTARTADMIN',null,'7bb8f88b-1f54-4ab2-ab33-1fa04595c2d6','8eeace3a-358c-4adf-a4f5-44af9bb366c7','ACTIVE','false','false','*ButtonTask*',SYSTIMESTAMP,SYSTIMESTAMP);
Insert into USER_APPLICATIONS_TBL (USER_APPLICATION_ID,NAME,DESCRIPTION,ICON_ID,BASE_APPLICATION_ID,STATUS,IS_PARENT,IS_SINGLETON,POSITION,CREATE_DATE,UPDATE_DATE) values ('BD4E879B-9E17-46AF-A5CF-9327DBF15282','CAXSTARTBATCH',null,'7bb8f88b-1f54-4ab2-ab33-1fa04595c2d6','B403F124-A5B3-440A-A81F-6E2C70DECC83','ACTIVE','false','false','*ButtonTask*',SYSTIMESTAMP,SYSTIMESTAMP);
--------------------------------------------------------
--  File created - Friday-September-15-2017   
--------------------------------------------------------
REM INSERTING into USER_APP_TRANSLATION_TBL
SET DEFINE OFF;
Insert into USER_APP_TRANSLATION_TBL (USER_APP_TRANSLATION_ID,USER_APPLICATION_ID,NAME,DESCRIPTION,REMARKS,LANGUAGE_CODE,CREATE_DATE,UPDATE_DATE) values ('781a8581-09ac-4b0c-a99e-2e710f3bce62','42883404-1a85-4af4-8406-72d776e0c621',null,'Desc_ger','Remarks_ger','de',SYSTIMESTAMP,SYSTIMESTAMP);
Insert into USER_APP_TRANSLATION_TBL (USER_APP_TRANSLATION_ID,USER_APPLICATION_ID,NAME,DESCRIPTION,REMARKS,LANGUAGE_CODE,CREATE_DATE,UPDATE_DATE) values ('69e62607-92f2-43a2-adb2-a730970d69a2','5b42ee76-e6e1-4b61-81e4-a30542edde4b',null,null,'Remarks_eng','en',SYSTIMESTAMP,SYSTIMESTAMP);
Insert into USER_APP_TRANSLATION_TBL (USER_APP_TRANSLATION_ID,USER_APPLICATION_ID,NAME,DESCRIPTION,REMARKS,LANGUAGE_CODE,CREATE_DATE,UPDATE_DATE) values ('f30a4f67-8851-4677-bef0-34fda00fa22e','5b42ee76-e6e1-4b61-81e4-a30542edde4b',null,null,'Remarks_ger','de',SYSTIMESTAMP,SYSTIMESTAMP);
Insert into USER_APP_TRANSLATION_TBL (USER_APP_TRANSLATION_ID,USER_APPLICATION_ID,NAME,DESCRIPTION,REMARKS,LANGUAGE_CODE,CREATE_DATE,UPDATE_DATE) values ('16321a24-2f04-42e7-ab87-34dfee0b781f','42883404-1a85-4af4-8406-72d776e0c621',null,'Desc_eng','Remarks_eng','en',SYSTIMESTAMP,SYSTIMESTAMP);
Insert into USER_APP_TRANSLATION_TBL (USER_APP_TRANSLATION_ID,USER_APPLICATION_ID,NAME,DESCRIPTION,REMARKS,LANGUAGE_CODE,CREATE_DATE,UPDATE_DATE) values ('9628FE5B-BF9A-4C60-A78B-FD2293E82F27','BD4E879B-9E17-46AF-A5CF-9327DBF15282',null,null,'Remarks_ger','de',SYSTIMESTAMP,SYSTIMESTAMP);
Insert into USER_APP_TRANSLATION_TBL (USER_APP_TRANSLATION_ID,USER_APPLICATION_ID,NAME,DESCRIPTION,REMARKS,LANGUAGE_CODE,CREATE_DATE,UPDATE_DATE) values ('497F12C5-8EA0-4138-BE4D-66541161E0D0','BD4E879B-9E17-46AF-A5CF-9327DBF15282',null,'Desc_eng','Remarks_eng','en',SYSTIMESTAMP,SYSTIMESTAMP);

Insert into ADMIN_MENU_CONFIG_TBL (ADMIN_MENU_CONFIG_ID,OBJECT_TYPE,OBJECT_ID,CREATE_DATE,UPDATE_DATE) values ('c0755ff3-f062-4595-9db3-2f4b4d937f5d','USERAPPLICATION','5b42ee76-e6e1-4b61-81e4-a30542edde4b',SYSTIMESTAMP,SYSTIMESTAMP);
Insert into ADMIN_MENU_CONFIG_TBL (ADMIN_MENU_CONFIG_ID,OBJECT_TYPE,OBJECT_ID,CREATE_DATE,UPDATE_DATE) values ('6250623e-da98-46d6-b741-72ea1e9174f5','USERAPPLICATION','42883404-1a85-4af4-8406-72d776e0c621',SYSTIMESTAMP,SYSTIMESTAMP);
Insert into ADMIN_MENU_CONFIG_TBL (ADMIN_MENU_CONFIG_ID,OBJECT_TYPE,OBJECT_ID,CREATE_DATE,UPDATE_DATE) values ('C83A538E-3681-4D12-B61E-F192055BAF3D','USERAPPLICATION','BD4E879B-9E17-46AF-A5CF-9327DBF15282',SYSTIMESTAMP,SYSTIMESTAMP);

commit;